{
    "timestamp": [
        {
			"VehiclePosition": [
                {
                    "Pos_X": 0.2,
                    "Pos_Y": 0.2
                }
            ],
            "Lidar": [
                {
                    
                    "Point Cloud": [
                        {
                            "Pos_x": -0.00603983509489382,
                            "Pos_y": 100.26808618558016,
							"Pos_z": 1.26808618558016,
                            "ValidFlag": "True"
                        },
                        {
                            "Pos_x": 1.00603983509489382,
                            "Pos_y": 100.26808618558016,
                            "Pos_z": 2.26808618558016,
							"ValidFlag": "True"
                        },
				}
			]
		}
	]
}